Residue_ID,Residue_Type,PSICHIC_Residue_Score,PSICHIC_Residue_Percentile
1,H,0.93220663,0.9707602339181286
2,A,0.68905973,0.9239766081871345
3,V,0.5451958,0.8654970760233918
4,V,0.40083966,0.7953216374269005
5,N,0.38026252,0.7485380116959064
6,L,0.39672765,0.7894736842105263
7,I,0.3656865,0.7309941520467836
8,N,0.38364047,0.7602339181286549
9,Y,0.38985068,0.7719298245614035
10,Q,0.37747318,0.7426900584795322
11,D,0.4901292,0.8304093567251462
12,D,0.80209136,0.9532163742690059
13,A,0.89837164,0.9590643274853801
14,E,0.9732533,0.9824561403508771
15,L,0.9896203,0.9941520467836257
16,A,1.0,1.0
17,T,0.98521906,0.9883040935672515
18,R,0.96803194,0.9766081871345029
19,A,0.6062296,0.9005847953216374
20,I,0.7138674,0.935672514619883
21,P,0.33734584,0.7192982456140351
22,E,0.34760976,0.7251461988304093
23,L,0.2814171,0.672514619883041
24,T,0.30899903,0.7017543859649122
25,K,0.2425373,0.631578947368421
26,L,0.2937461,0.6900584795321637
27,L,0.19347936,0.5555555555555556
28,N,0.17181922,0.5087719298245614
29,D,0.16610904,0.49707602339181284
30,E,0.17821328,0.5146198830409356
31,D,0.1913097,0.5497076023391813
32,Q,0.16442624,0.49122807017543857
33,V,0.12286835,0.3684210526315789
34,V,0.124370664,0.3742690058479532
35,V,0.121939786,0.3567251461988304
36,N,0.110019416,0.30994152046783624
37,K,0.19909789,0.5672514619883041
38,A,0.2343074,0.6198830409356725
39,A,0.20116861,0.5789473684210527
40,V,0.24661931,0.6374269005847953
41,M,0.26682115,0.6608187134502924
42,V,0.25588796,0.6491228070175439
43,H,0.2645621,0.6549707602339181
44,Q,0.32774425,0.7134502923976608
45,L,0.4736677,0.8187134502923976
46,S,0.3930997,0.7777777777777778
47,K,0.4497712,0.8128654970760234
48,K,0.6200029,0.9064327485380117
49,E,0.51057065,0.8362573099415205
50,A,0.56014544,0.8830409356725146
51,S,0.6979573,0.9298245614035088
52,R,0.72567064,0.9415204678362573
53,H,0.6769328,0.9181286549707602
54,A,0.92055786,0.9649122807017544
55,I,0.75309145,0.9473684210526315
56,M,0.66897845,0.9122807017543859
57,R,0.5204032,0.847953216374269
58,S,0.51100874,0.8421052631578947
59,P,0.41191497,0.8011695906432749
60,Q,0.29271552,0.6783625730994152
61,M,0.29371333,0.6842105263157895
62,V,0.16635542,0.5029239766081871
63,S,0.13791779,0.4502923976608187
64,A,0.13766469,0.4444444444444444
65,I,0.13544486,0.42105263157894735
66,V,0.10984424,0.30409356725146197
67,R,0.12756447,0.39766081871345027
68,T,0.13580222,0.43859649122807015
69,M,0.12901998,0.40350877192982454
70,Q,0.09375216,0.25146198830409355
71,N,0.13358492,0.4152046783625731
72,T,0.13355297,0.4093567251461988
73,N,0.14635818,0.47368421052631576
74,D,0.12732679,0.391812865497076
75,V,0.14420198,0.4678362573099415
76,E,0.11224513,0.32748538011695905
77,T,0.10224553,0.2807017543859649
78,A,0.104817115,0.2982456140350877
79,R,0.06588967,0.11695906432748537
80,C,0.13847975,0.45614035087719296
81,T,0.13559705,0.4269005847953216
82,A,0.14104685,0.4619883040935672
83,G,0.19573535,0.5614035087719298
84,T,0.20618087,0.5847953216374269
85,L,0.15481763,0.4853801169590643
86,H,0.2680855,0.6666666666666666
87,N,0.37401533,0.7368421052631579
88,L,0.5388225,0.8596491228070176
89,S,0.4158964,0.8070175438596491
90,H,0.52203196,0.8538011695906432
91,H,0.5987273,0.8947368421052632
92,R,0.54720515,0.8713450292397661
93,E,0.5672665,0.8888888888888888
94,G,0.5497882,0.8771929824561403
95,L,0.38708737,0.7660818713450293
96,L,0.13566796,0.4327485380116959
97,A,0.21292248,0.5906432748538012
98,I,0.102681085,0.29239766081871343
99,F,0.05622501,0.08187134502923976
100,K,0.05808776,0.08771929824561403
101,S,0.07075704,0.14035087719298245
102,G,0.07273274,0.16374269005847952
103,G,0.07526032,0.1695906432748538
104,I,0.06042166,0.0935672514619883
105,P,0.06363312,0.09941520467836257
106,A,0.06474556,0.1111111111111111
107,L,0.083486296,0.19883040935672514
108,V,0.06719522,0.1286549707602339
109,K,0.08585047,0.21052631578947367
110,M,0.11958906,0.3508771929824561
111,L,0.11218879,0.3216374269005848
112,G,0.11236873,0.3333333333333333
113,S,0.08715322,0.21637426900584794
114,P,0.07193478,0.15204678362573099
115,V,0.06650349,0.12280701754385964
116,D,0.019009244,0.04093567251461988
117,S,0.021308674,0.04678362573099415
118,V,0.035143364,0.07017543859649122
119,L,0.03224301,0.06432748538011696
120,F,0.023883898,0.05263157894736842
121,Y,0.11348537,0.3391812865497076
122,A,0.1228095,0.36257309941520466
123,I,0.12573507,0.38011695906432746
124,T,0.18450083,0.5380116959064327
125,T,0.21556947,0.5964912280701754
126,L,0.11548126,0.34502923976608185
127,H,0.2354501,0.6257309941520468
128,N,0.31474087,0.7076023391812866
129,L,0.17942241,0.52046783625731
130,L,0.30616707,0.695906432748538
131,L,0.38283747,0.7543859649122807
132,H,0.48902908,0.8245614035087719
133,Q,0.39417344,0.783625730994152
134,E,0.22632049,0.6140350877192983
135,G,0.11201558,0.3157894736842105
136,A,0.085460596,0.2046783625730994
137,K,0.12596434,0.38596491228070173
138,M,0.10262111,0.28654970760233917
139,A,0.092173055,0.23391812865497075
140,V,0.09480434,0.26900584795321636
141,R,0.072508514,0.15789473684210525
142,L,0.06788443,0.13450292397660818
143,A,0.07969325,0.1871345029239766
144,G,0.09311424,0.24561403508771928
145,G,0.0927964,0.23976608187134502
146,L,0.094279654,0.2573099415204678
147,Q,0.07771082,0.17543859649122806
148,K,0.07812619,0.18128654970760233
149,M,0.09489627,0.27485380116959063
150,V,0.08801592,0.22807017543859648
151,A,0.081334576,0.19298245614035087
152,L,0.07181875,0.14619883040935672
153,L,0.06434644,0.10526315789473684
154,N,0.0274303,0.05847953216374269
155,K,0.011419785,0.017543859649122806
156,T,0.0022386075,0.011695906432748537
157,N,0.0,0.0
158,V,0.002110519,0.005847953216374269
159,K,0.011857024,0.023391812865497075
160,F,0.017097445,0.03508771929824561
161,L,0.016536882,0.029239766081871343
162,A,0.049079794,0.07602339181286549
163,I,0.09438728,0.2631578947368421
164,T,0.15117425,0.47953216374269003
165,T,0.189371,0.543859649122807
166,D,0.21829604,0.6023391812865497
167,C,0.18204473,0.5263157894736842
168,L,0.087618485,0.2222222222222222
169,Q,0.18440302,0.5321637426900585
170,I,0.25351453,0.6432748538011696
171,L,0.2194578,0.6081871345029239
172,A,0.20074566,0.5730994152046783
